{
    "loss": 0.22177177667617798,
    "accuracy": 0.8633093237876892
}