{
    "loss": 0.1824287474155426,
    "accuracy": 0.8848921060562134
}