{
    "loss": 0.14356637001037598,
    "accuracy": 0.9640287756919861
}