{
    "loss": 0.09292080253362656,
    "accuracy": 0.9568345546722412
}