{
    "loss": 0.23386076092720032,
    "accuracy": 0.9247311949729919
}