{
    "loss": 0.21596883237361908,
    "accuracy": 0.9568345546722412
}